{"(159570581162351257775982173852327471334, 'BOMB')":-1644629454.3185782,"(159570581162351257775982173852327471334, 'DOWN')":-9007892.255553434,"(159570581162351257775982173852327471334, 'WAIT')":-37102912.04818209,"(159570581162351257775982173852327471334, 'RIGHT')":-9097376.146305898,"(159570581162351257775982173852327471334, 'UP')":-10688047.466373537,"(159570581162351257775982173852327471334, 'LEFT')":-10803389.201008607}